trial_id,stage_num,rep_num,trial_num,chat_prompt,model_logits,target
1585,1,1,1,"[{'role': 'user', 'content': ""describer: hi\nmatcher: hello\ndescriber: looking for a diamond at the top, triangle pointing towards the left\ndescriber: close to a person praying on their knees\nmatcher: is there a triangle pointing right as well?\ndescriber: there's a triangle on the right also. just below the diamond and to the right\ndescriber: could also be seen as a mouse in silhouette\nmatcher: anything happening at the bottom?\ndescriber: like a mountain - we've got 72 of these to get through\nmatcher: 72? oops.\n""}]","[19.0, 19.625, 19.875, 19.375, 19.125, 20.25, 21.25, 20.75, 19.75, 20.75, 22.25, 21.5]",B
1586,1,1,2,"[{'role': 'user', 'content': 'describer: awesome. this one looks like a seal\n'}]","[9.4375, 4.625, 5.34375, 5.03125, 4.8125, 2.484375, 7.125, 4.65625, 8.8125, 4.4375, 6.40625, 8.625]",G
1587,1,1,3,"[{'role': 'user', 'content': 'describer: this one looks like a small dog balancing a ball on its nose\n'}]","[9.4375, 4.625, 5.34375, 5.03125, 4.8125, 2.484375, 7.125, 4.65625, 8.8125, 4.4375, 6.40625, 8.625]",K
1588,1,1,4,"[{'role': 'user', 'content': 'describer: this looks like one of the spy vs spy guys looking down and walking with a flag on his right shoulder.\n'}]","[9.4375, 4.625, 5.34375, 5.03125, 4.8125, 2.484375, 7.125, 4.65625, 8.8125, 4.4375, 6.40625, 8.625]",A
1589,1,1,5,"[{'role': 'user', 'content': 'describer: nice. this is a diamond on top of what looks like a state - top of state is a straight line\n'}]","[9.4375, 4.625, 5.34375, 5.03125, 4.8125, 2.484375, 7.125, 4.65625, 8.8125, 4.4375, 6.40625, 8.625]",J
1590,1,1,6,"[{'role': 'user', 'content': 'describer: ok, could be a bow or bunny ears in profile on top of a lightning bolt\n'}]","[9.4375, 4.625, 5.34375, 5.03125, 4.8125, 2.484375, 7.125, 4.65625, 8.8125, 4.4375, 6.40625, 8.625]",E
1591,1,1,7,"[{'role': 'user', 'content': 'describer: the other possible diamond/state combo. state looks like indiana\n'}]","[9.4375, 4.625, 5.34375, 5.03125, 4.8125, 2.484375, 7.125, 4.65625, 8.8125, 4.4375, 6.40625, 8.625]",H
1592,1,1,8,"[{'role': 'user', 'content': 'describer: person ice skating with leg out and arms out in front\n'}]","[9.4375, 4.625, 5.34375, 5.03125, 4.8125, 2.484375, 7.125, 4.65625, 8.8125, 4.4375, 6.40625, 8.625]",I
1593,1,1,9,"[{'role': 'user', 'content': 'describer: preacher with hands up in air\ndescriber: air\n'}]","[9.4375, 4.625, 5.34375, 5.03125, 4.8125, 2.484375, 7.125, 4.65625, 8.8125, 4.4375, 6.40625, 8.625]",C
1594,1,1,10,"[{'role': 'user', 'content': 'describer: graduate giving speech at lectern, in profile\nmatcher: pointing a direction?\ndescriber: the lectern is pointing to the left\n'}]","[9.4375, 4.625, 5.34375, 5.03125, 4.8125, 2.484375, 7.125, 4.65625, 8.8125, 4.4375, 6.40625, 8.625]",D
1595,1,1,11,"[{'role': 'user', 'content': 'describer: looks like shadow of a person on their knees facing right\ndescriber: bottom half makes lightning bolt\n'}]","[9.4375, 4.625, 5.34375, 5.03125, 4.8125, 2.484375, 7.125, 4.65625, 8.8125, 4.4375, 6.40625, 8.625]",L
1596,1,1,12,"[{'role': 'user', 'content': 'describer: same graduate sitting down with knees up and feet on ground. facing left\ndescriber: looking down at feet\n'}]","[9.4375, 4.625, 5.34375, 5.03125, 4.8125, 2.484375, 7.125, 4.65625, 8.8125, 4.4375, 6.40625, 8.625]",F
1597,1,2,13,"[{'role': 'user', 'content': 'describer: first diamond on top of state shape again\ndescriber: straight line on top\n'}]","[9.4375, 4.625, 5.34375, 5.03125, 4.8125, 2.484375, 7.125, 4.65625, 8.8125, 4.4375, 6.40625, 8.625]",J
1598,1,2,14,"[{'role': 'user', 'content': 'describer: graduate sitting and looking down from 2 questions ago\n'}]","[9.4375, 4.625, 5.34375, 5.03125, 4.8125, 2.484375, 7.125, 4.65625, 8.8125, 4.4375, 6.40625, 8.625]",F
1599,1,2,15,"[{'role': 'user', 'content': 'describer: spy vs spy\n'}]","[9.4375, 4.625, 5.34375, 5.03125, 4.8125, 2.484375, 7.125, 4.65625, 8.8125, 4.4375, 6.40625, 8.625]",A
1600,1,2,16,"[{'role': 'user', 'content': 'describer: graduate at lectern\nmatcher: left?\ndescriber: yes\n'}]","[9.4375, 4.625, 5.34375, 5.03125, 4.8125, 2.484375, 7.125, 4.65625, 8.8125, 4.4375, 6.40625, 8.625]",D
1601,1,2,17,"[{'role': 'user', 'content': 'describer: rabbit ears lightning bolt base looking right\n'}]","[9.4375, 4.625, 5.34375, 5.03125, 4.8125, 2.484375, 7.125, 4.65625, 8.8125, 4.4375, 6.40625, 8.625]",E
1602,1,2,18,"[{'role': 'user', 'content': 'describer: seal with ball - diamond on left strange hook shape on right\n'}]","[9.4375, 4.625, 5.34375, 5.03125, 4.8125, 2.484375, 7.125, 4.65625, 8.8125, 4.4375, 6.40625, 8.625]",G
1603,1,2,19,"[{'role': 'user', 'content': 'describer: mouse from beginning\ndescriber: mountain base\n'}]","[9.4375, 4.625, 5.34375, 5.03125, 4.8125, 2.484375, 7.125, 4.65625, 8.8125, 4.4375, 6.40625, 8.625]",B
1604,1,2,20,"[{'role': 'user', 'content': 'describer: indiana with diamond in top\n'}]","[9.4375, 4.625, 5.34375, 5.03125, 4.8125, 2.484375, 7.125, 4.65625, 8.8125, 4.4375, 6.40625, 8.625]",H
1605,1,2,21,"[{'role': 'user', 'content': 'describer: preacher\n'}]","[9.4375, 4.625, 5.34375, 5.03125, 4.8125, 2.484375, 7.125, 4.65625, 8.8125, 4.4375, 6.40625, 8.625]",C
1606,1,2,22,"[{'role': 'user', 'content': 'describer: dog with ball\n'}]","[9.4375, 4.625, 5.34375, 5.03125, 4.8125, 2.484375, 7.125, 4.65625, 8.8125, 4.4375, 6.40625, 8.625]",K
1607,1,2,23,"[{'role': 'user', 'content': 'describer: shadow person lighting bolt base\n'}]","[9.4375, 4.625, 5.34375, 5.03125, 4.8125, 2.484375, 7.125, 4.65625, 8.8125, 4.4375, 6.40625, 8.625]",L
1608,1,2,24,"[{'role': 'user', 'content': 'describer: ice skater\n'}]","[9.4375, 4.625, 5.34375, 5.03125, 4.8125, 2.484375, 7.125, 4.65625, 8.8125, 4.4375, 6.40625, 8.625]",I
1609,1,3,25,"[{'role': 'user', 'content': 'describer: mouse\ndescriber: repeat mouse mountain base\n'}]","[9.4375, 4.625, 5.34375, 5.03125, 4.8125, 2.484375, 7.125, 4.65625, 8.8125, 4.4375, 6.40625, 8.625]",B
1610,1,3,26,"[{'role': 'user', 'content': 'describer: state with flat top diamond\n'}]","[9.4375, 4.625, 5.34375, 5.03125, 4.8125, 2.484375, 7.125, 4.65625, 8.8125, 4.4375, 6.40625, 8.625]",J
1611,1,3,27,"[{'role': 'user', 'content': 'describer: dog with ball\n'}]","[9.4375, 4.625, 5.34375, 5.03125, 4.8125, 2.484375, 7.125, 4.65625, 8.8125, 4.4375, 6.40625, 8.625]",K
1612,1,3,28,"[{'role': 'user', 'content': 'describer: shadow person lightning bolt base\n'}]","[9.4375, 4.625, 5.34375, 5.03125, 4.8125, 2.484375, 7.125, 4.65625, 8.8125, 4.4375, 6.40625, 8.625]",L
1613,1,3,29,"[{'role': 'user', 'content': 'describer: grad at lectern\n'}]","[9.4375, 4.625, 5.34375, 5.03125, 4.8125, 2.484375, 7.125, 4.65625, 8.8125, 4.4375, 6.40625, 8.625]",D
1614,1,3,30,"[{'role': 'user', 'content': 'describer: spy\n'}]","[9.4375, 4.625, 5.34375, 5.03125, 4.8125, 2.484375, 7.125, 4.65625, 8.8125, 4.4375, 6.40625, 8.625]",A
1615,1,3,31,"[{'role': 'user', 'content': 'describer: sitting grad pointed left\n'}]","[9.4375, 4.625, 5.34375, 5.03125, 4.8125, 2.484375, 7.125, 4.65625, 8.8125, 4.4375, 6.40625, 8.625]",F
1616,1,3,32,"[{'role': 'user', 'content': 'describer: seal with ball\n'}]","[9.4375, 4.625, 5.34375, 5.03125, 4.8125, 2.484375, 7.125, 4.65625, 8.8125, 4.4375, 6.40625, 8.625]",G
1617,1,3,33,"[{'role': 'user', 'content': 'describer: preacher\n'}]","[9.4375, 4.625, 5.34375, 5.03125, 4.8125, 2.484375, 7.125, 4.65625, 8.8125, 4.4375, 6.40625, 8.625]",C
1618,1,3,34,"[{'role': 'user', 'content': 'describer: rabbit ears lightning base\n'}]","[9.4375, 4.625, 5.34375, 5.03125, 4.8125, 2.484375, 7.125, 4.65625, 8.8125, 4.4375, 6.40625, 8.625]",E
1619,1,3,35,"[{'role': 'user', 'content': 'describer: indiana diamond\n'}]","[9.4375, 4.625, 5.34375, 5.03125, 4.8125, 2.484375, 7.125, 4.65625, 8.8125, 4.4375, 6.40625, 8.625]",H
1620,1,3,36,"[{'role': 'user', 'content': 'describer: skate\n'}]","[9.4375, 4.625, 5.34375, 5.03125, 4.8125, 2.484375, 7.125, 4.65625, 8.8125, 4.4375, 6.40625, 8.625]",I
1621,1,4,37,"[{'role': 'user', 'content': 'describer: dog with ball\n'}]","[9.4375, 4.625, 5.34375, 5.03125, 4.8125, 2.484375, 7.125, 4.65625, 8.8125, 4.4375, 6.40625, 8.625]",K
1622,1,4,38,"[{'role': 'user', 'content': 'describer: shadow lightning bolt\n'}]","[9.4375, 4.625, 5.34375, 5.03125, 4.8125, 2.484375, 7.125, 4.65625, 8.8125, 4.4375, 6.40625, 8.625]",L
1623,1,4,39,"[{'role': 'user', 'content': 'describer: skate\n'}]","[9.4375, 4.625, 5.34375, 5.03125, 4.8125, 2.484375, 7.125, 4.65625, 8.8125, 4.4375, 6.40625, 8.625]",I
1624,1,4,40,"[{'role': 'user', 'content': 'describer: rabbit ears\n'}]","[9.4375, 4.625, 5.34375, 5.03125, 4.8125, 2.484375, 7.125, 4.65625, 8.8125, 4.4375, 6.40625, 8.625]",E
1625,1,4,41,"[{'role': 'user', 'content': 'describer: diamond flat top state\n'}]","[9.4375, 4.625, 5.34375, 5.03125, 4.8125, 2.484375, 7.125, 4.65625, 8.8125, 4.4375, 6.40625, 8.625]",J
1626,1,4,42,"[{'role': 'user', 'content': 'describer: grad lectern\n'}]","[9.4375, 4.625, 5.34375, 5.03125, 4.8125, 2.484375, 7.125, 4.65625, 8.8125, 4.4375, 6.40625, 8.625]",D
1627,1,4,43,"[{'role': 'user', 'content': 'describer: sitting grad\n'}]","[9.4375, 4.625, 5.34375, 5.03125, 4.8125, 2.484375, 7.125, 4.65625, 8.8125, 4.4375, 6.40625, 8.625]",F
1628,1,4,44,"[{'role': 'user', 'content': 'describer: preacher\n'}]","[9.4375, 4.625, 5.34375, 5.03125, 4.8125, 2.484375, 7.125, 4.65625, 8.8125, 4.4375, 6.40625, 8.625]",C
1629,1,4,45,"[{'role': 'user', 'content': 'describer: spy\n'}]","[9.4375, 4.625, 5.34375, 5.03125, 4.8125, 2.484375, 7.125, 4.65625, 8.8125, 4.4375, 6.40625, 8.625]",A
1630,1,4,46,"[{'role': 'user', 'content': 'describer: seal\n'}]","[9.4375, 4.625, 5.34375, 5.03125, 4.8125, 2.484375, 7.125, 4.65625, 8.8125, 4.4375, 6.40625, 8.625]",G
1631,1,4,47,"[{'role': 'user', 'content': 'describer: mouse\n'}]","[9.4375, 4.625, 5.34375, 5.03125, 4.8125, 2.484375, 7.125, 4.65625, 8.8125, 4.4375, 6.40625, 8.625]",B
1632,1,4,48,"[{'role': 'user', 'content': 'describer: indiana diamond\n'}]","[9.4375, 4.625, 5.34375, 5.03125, 4.8125, 2.484375, 7.125, 4.65625, 8.8125, 4.4375, 6.40625, 8.625]",H
1633,1,5,49,"[{'role': 'user', 'content': 'describer: skate\n'}]","[9.4375, 4.625, 5.34375, 5.03125, 4.8125, 2.484375, 7.125, 4.65625, 8.8125, 4.4375, 6.40625, 8.625]",I
1634,1,5,50,"[{'role': 'user', 'content': 'describer: spy\n'}]","[9.4375, 4.625, 5.34375, 5.03125, 4.8125, 2.484375, 7.125, 4.65625, 8.8125, 4.4375, 6.40625, 8.625]",A
1635,1,5,51,"[{'role': 'user', 'content': 'describer: shadow lightning bolt\n'}]","[9.4375, 4.625, 5.34375, 5.03125, 4.8125, 2.484375, 7.125, 4.65625, 8.8125, 4.4375, 6.40625, 8.625]",L
1636,1,5,52,"[{'role': 'user', 'content': 'describer: seal\n'}]","[9.4375, 4.625, 5.34375, 5.03125, 4.8125, 2.484375, 7.125, 4.65625, 8.8125, 4.4375, 6.40625, 8.625]",G
1637,1,5,53,"[{'role': 'user', 'content': 'describer: indiana diamond\n'}]","[9.4375, 4.625, 5.34375, 5.03125, 4.8125, 2.484375, 7.125, 4.65625, 8.8125, 4.4375, 6.40625, 8.625]",H
1638,1,5,54,"[{'role': 'user', 'content': 'describer: flat top state diamond\n'}]","[9.4375, 4.625, 5.34375, 5.03125, 4.8125, 2.484375, 7.125, 4.65625, 8.8125, 4.4375, 6.40625, 8.625]",J
1639,1,5,55,"[{'role': 'user', 'content': 'describer: sitting grad\n'}]","[9.4375, 4.625, 5.34375, 5.03125, 4.8125, 2.484375, 7.125, 4.65625, 8.8125, 4.4375, 6.40625, 8.625]",F
1640,1,5,56,"[{'role': 'user', 'content': 'describer: preacher\n'}]","[9.4375, 4.625, 5.34375, 5.03125, 4.8125, 2.484375, 7.125, 4.65625, 8.8125, 4.4375, 6.40625, 8.625]",C
1641,1,5,57,"[{'role': 'user', 'content': 'describer: mouse\n'}]","[9.4375, 4.625, 5.34375, 5.03125, 4.8125, 2.484375, 7.125, 4.65625, 8.8125, 4.4375, 6.40625, 8.625]",B
1642,1,5,58,"[{'role': 'user', 'content': 'describer: grad lectern\n'}]","[9.4375, 4.625, 5.34375, 5.03125, 4.8125, 2.484375, 7.125, 4.65625, 8.8125, 4.4375, 6.40625, 8.625]",D
1643,1,5,59,"[{'role': 'user', 'content': 'describer: dog ball\ndescriber: diamond on nose dog on hind legs\n'}]","[19.0, 19.625, 20.0, 19.25, 19.75, 20.625, 21.625, 20.5, 19.375, 18.75, 20.375, 20.625]",K
1644,1,5,60,"[{'role': 'user', 'content': 'describer: rabbit ears\n'}]","[9.4375, 4.625, 5.34375, 5.03125, 4.8125, 2.484375, 7.125, 4.65625, 8.8125, 4.4375, 6.40625, 8.625]",E
1645,1,6,61,"[{'role': 'user', 'content': 'describer: indiana\n'}]","[9.4375, 4.625, 5.34375, 5.03125, 4.8125, 2.484375, 7.125, 4.65625, 8.8125, 4.4375, 6.40625, 8.625]",H
1646,1,6,62,"[{'role': 'user', 'content': 'describer: shadow lightning\n'}]","[9.4375, 4.625, 5.34375, 5.03125, 4.8125, 2.484375, 7.125, 4.65625, 8.8125, 4.4375, 6.40625, 8.625]",L
1647,1,6,63,"[{'role': 'user', 'content': 'describer: sitting grad\ndescriber: grad\n'}]","[9.4375, 4.625, 5.34375, 5.03125, 4.8125, 2.484375, 7.125, 4.65625, 8.8125, 4.4375, 6.40625, 8.625]",F
1648,1,6,64,"[{'role': 'user', 'content': 'describer: dog and ball -\n'}]","[9.4375, 4.625, 5.34375, 5.03125, 4.8125, 2.484375, 7.125, 4.65625, 8.8125, 4.4375, 6.40625, 8.625]",K
1649,1,6,65,"[{'role': 'user', 'content': 'describer: seal\n'}]","[9.4375, 4.625, 5.34375, 5.03125, 4.8125, 2.484375, 7.125, 4.65625, 8.8125, 4.4375, 6.40625, 8.625]",G
1650,1,6,66,"[{'role': 'user', 'content': 'describer: flat top diamond\n'}]","[9.4375, 4.625, 5.34375, 5.03125, 4.8125, 2.484375, 7.125, 4.65625, 8.8125, 4.4375, 6.40625, 8.625]",J
1651,1,6,67,"[{'role': 'user', 'content': 'describer: skate\n'}]","[9.4375, 4.625, 5.34375, 5.03125, 4.8125, 2.484375, 7.125, 4.65625, 8.8125, 4.4375, 6.40625, 8.625]",I
1652,1,6,68,"[{'role': 'user', 'content': 'describer: rabbit ears\n'}]","[9.4375, 4.625, 5.34375, 5.03125, 4.8125, 2.484375, 7.125, 4.65625, 8.8125, 4.4375, 6.40625, 8.625]",E
1653,1,6,69,"[{'role': 'user', 'content': 'describer: grad lectern\n'}]","[9.4375, 4.625, 5.34375, 5.03125, 4.8125, 2.484375, 7.125, 4.65625, 8.8125, 4.4375, 6.40625, 8.625]",D
1654,1,6,70,"[{'role': 'user', 'content': 'describer: preacher\n'}]","[9.4375, 4.625, 5.34375, 5.03125, 4.8125, 2.484375, 7.125, 4.65625, 8.8125, 4.4375, 6.40625, 8.625]",C
1655,1,6,71,"[{'role': 'user', 'content': 'describer: mouse\n'}]","[9.4375, 4.625, 5.34375, 5.03125, 4.8125, 2.484375, 7.125, 4.65625, 8.8125, 4.4375, 6.40625, 8.625]",B
1656,1,6,72,"[{'role': 'user', 'content': 'describer: you did awesome!\ndescriber: spy\n'}]","[9.4375, 4.625, 5.34375, 5.03125, 4.8125, 2.484375, 7.125, 4.65625, 8.8125, 4.4375, 6.40625, 8.625]",A
7102,1,1,1,"[{'role': 'user', 'content': ""matcher: hello! :-)\ndescriber: ok, so a diamond for the head and a full body with the point towards the right?\ndescriber: hello there\ndescriber: this moight be tough, but i will try my best\nmatcher: okay so like if the picture had  'hands' they would be pointing to the right?\ndescriber: point is at the bottom\ndescriber: no hands\ndescriber: almost looks like they are sitting\nmatcher: so the bottom part of the picture is pointing right and the rest of the body is straight?\ndescriber: yes, i think\n""}]","[9.4375, 4.625, 5.34375, 5.03125, 4.8125, 2.484375, 7.125, 4.65625, 8.8125, 4.4375, 6.40625, 8.625]",H
7103,1,1,2,"[{'role': 'user', 'content': 'describer: awesome job\nmatcher: wohoo\ndescriber: ok, diamond is on the left side. looks like two hands on the right one on top and the other lower. the body all the way to the left\n'}]","[9.4375, 4.625, 5.34375, 5.03125, 4.8125, 2.484375, 7.125, 4.65625, 8.8125, 4.4375, 6.40625, 8.625]",G
7104,1,1,3,"[{'role': 'user', 'content': 'describer: yes\ndescriber: looks like he is standing on one leg\n'}]","[9.4375, 4.625, 5.34375, 5.03125, 4.8125, 2.484375, 7.125, 4.65625, 8.8125, 4.4375, 6.40625, 8.625]",I
7105,1,1,4,"[{'role': 'user', 'content': 'describer: straight out behind\ndescriber: sorry\ndescriber: standing on one leg. diamond on the back\ndescriber: beak in the front\n'}]","[9.4375, 4.625, 5.34375, 5.03125, 4.8125, 2.484375, 7.125, 4.65625, 8.8125, 4.4375, 6.40625, 8.625]",A
7106,1,1,5,"[{'role': 'user', 'content': 'describer: sitting with leg out,  bent a bit\nmatcher: no arms out?\ndescriber: no arms\n'}]","[9.4375, 4.625, 5.34375, 5.03125, 4.8125, 2.484375, 7.125, 4.65625, 8.8125, 4.4375, 6.40625, 8.625]",F
7107,1,1,6,"[{'role': 'user', 'content': 'describer: arms raised like a ghost\n'}]","[9.4375, 4.625, 5.34375, 5.03125, 4.8125, 2.484375, 7.125, 4.65625, 8.8125, 4.4375, 6.40625, 8.625]",C
7108,1,1,7,"[{'role': 'user', 'content': 'describer: diamond as head with point on top. almost a full rectangle as a body, but an indent on the bottom pointing in\ndescriber: top as a point going out on the right side\n'}]","[9.4375, 4.625, 5.34375, 5.03125, 4.8125, 2.484375, 7.125, 4.65625, 8.8125, 4.4375, 6.40625, 8.625]",J
7109,1,1,8,"[{'role': 'user', 'content': 'describer: ha, these are hard to describe!\nmatcher: yah but you are doing good\ndescriber: two triangles on top of a square for head\n'}]","[9.4375, 4.625, 5.34375, 5.03125, 4.8125, 2.484375, 7.125, 4.65625, 8.8125, 4.4375, 6.40625, 8.625]",E
7110,1,1,9,"[{'role': 'user', 'content': 'describer: thanks\ndescriber: zig zag body diamond on top\ndescriber: looks like an s\n'}]","[9.4375, 4.625, 5.34375, 5.03125, 4.8125, 2.484375, 7.125, 4.65625, 8.8125, 4.4375, 6.40625, 8.625]",L
7111,1,1,10,"[{'role': 'user', 'content': 'describer: looks like a priest in a robe\ndescriber: hands pointing left\nmatcher: like he is standing? with feet and hands pointing left?\ndescriber: yes\n'}]","[9.4375, 4.625, 5.34375, 5.03125, 4.8125, 2.484375, 7.125, 4.65625, 8.8125, 4.4375, 6.40625, 8.625]",D
7112,1,1,11,"[{'role': 'user', 'content': 'describer: square and triangle on top\ndescriber: small triangle on the bottom left\nmatcher: does it look like someone kneeling with their arms stretched out?\ndescriber: not really\ndescriber: you can see a small triangle on the left hand side on the bottom of the figure\n'}]","[9.4375, 4.625, 5.34375, 5.03125, 4.8125, 2.484375, 7.125, 4.65625, 8.8125, 4.4375, 6.40625, 8.625]",B
7113,1,1,12,"[{'role': 'user', 'content': 'describer: looks like someone praying\ndescriber: not the s shaped one\n'}]","[9.4375, 4.625, 5.34375, 5.03125, 4.8125, 2.484375, 7.125, 4.65625, 8.8125, 4.4375, 6.40625, 8.625]",K
7114,1,2,13,"[{'role': 'user', 'content': 'describer: someone sitting with their knees up\n'}]","[9.4375, 4.625, 5.34375, 5.03125, 4.8125, 2.484375, 7.125, 4.65625, 8.8125, 4.4375, 6.40625, 8.625]",F
7115,1,2,14,"[{'role': 'user', 'content': 'describer: standing on one foot with the other pointed out towards the right\n'}]","[9.4375, 4.625, 5.34375, 5.03125, 4.8125, 2.484375, 7.125, 4.65625, 8.8125, 4.4375, 6.40625, 8.625]",I
7116,1,2,15,"[{'role': 'user', 'content': 'describer: looks like a small mountain and a large one with a square and 2 triangles on top\n'}]","[9.4375, 4.625, 5.34375, 5.03125, 4.8125, 2.484375, 7.125, 4.65625, 8.8125, 4.4375, 6.40625, 8.625]",E
6073,1,1,1,"[{'role': 'user', 'content': 'matcher: howdy\n'}]","[9.4375, 4.625, 5.34375, 5.03125, 4.8125, 2.484375, 7.125, 4.65625, 8.8125, 4.4375, 6.40625, 8.625]",H
7372,1,1,2,"[{'role': 'user', 'content': 'matcher: hi\n'}]","[9.4375, 4.625, 5.34375, 5.03125, 4.8125, 2.484375, 7.125, 4.65625, 8.8125, 4.4375, 6.40625, 8.625]",B
5961,1,1,1,"[{'role': 'user', 'content': ""describer: hello there.  so, the image you'll want to select it looks almost like a person kneeling on the ground.\n""}]","[9.4375, 4.625, 5.34375, 5.03125, 4.8125, 2.484375, 7.125, 4.65625, 8.8125, 4.4375, 6.40625, 8.625]",B
5962,1,1,2,"[{'role': 'user', 'content': 'describer: this one is standing on one leg, with one leg out, almost like an elephant head.\ndescriber: the head looks like an elephant that is.\n'}]","[9.4375, 4.625, 5.34375, 5.03125, 4.8125, 2.484375, 7.125, 4.65625, 8.8125, 4.4375, 6.40625, 8.625]",A
5963,1,1,3,"[{'role': 'user', 'content': ""matcher: got one!\ndescriber: this one looks like it's laying in bed, with like half a blanket on them, the rest maybe cut by scissors.\ndescriber: haha, yup!\ndescriber: this is a very rough one to describe .\nmatcher: the one with a triangle on the back?\ndescriber: i don't think so.  the head is right in the middle of it, if the entire shape was filled in, it'd look like they were in a bed.\nmatcher: count how many points are on it\nmatcher: 9?\ndescriber: i think so - just go with your gut, this one is rough for me.\n""}]","[18.0, 20.0, 18.875, 18.0, 20.0, 23.125, 20.125, 18.5, 17.875, 16.875, 17.375, 19.625]",J
5964,1,1,4,"[{'role': 'user', 'content': 'describer: ok, this is the tallest one kneeling down with their arms out it looks like.\n'}]","[9.4375, 4.625, 5.34375, 5.03125, 4.8125, 2.484375, 7.125, 4.65625, 8.8125, 4.4375, 6.40625, 8.625]",K
5965,1,1,5,"[{'role': 'user', 'content': 'describer: this one looks like a person flying.\n'}]","[9.4375, 4.625, 5.34375, 5.03125, 4.8125, 2.484375, 7.125, 4.65625, 8.8125, 4.4375, 6.40625, 8.625]",C
5966,1,1,6,"[{'role': 'user', 'content': ""describer: ok, not the kneeling one from last time, but the other one kneeling that's tall.\n""}]","[9.4375, 4.625, 5.34375, 5.03125, 4.8125, 2.484375, 7.125, 4.65625, 8.8125, 4.4375, 6.40625, 8.625]",L
5967,1,1,7,"[{'role': 'user', 'content': 'describer: the one that looks like the trix rabbit ears.  the one you thought it was when i gave that horrible bed description.\n'}]","[9.4375, 4.625, 5.34375, 5.03125, 4.8125, 2.484375, 7.125, 4.65625, 8.8125, 4.4375, 6.40625, 8.625]",E
5968,1,1,8,"[{'role': 'user', 'content': 'describer: ok, pretty much completely shapeless person.\nmatcher: the one with the diamond on top pointing up?\ndescriber: yeah\n'}]","[9.4375, 4.625, 5.34375, 5.03125, 4.8125, 2.484375, 7.125, 4.65625, 8.8125, 4.4375, 6.40625, 8.625]",H
5969,1,1,9,"[{'role': 'user', 'content': ""describer: bah, i'm no good at this.\nmatcher: it's hard\ndescriber: ok, so...this one is the other one with odd ears, not the previous.\ndescriber: almost like a person laying back\ndescriber: there's a square on one side, and an odd shape on the other side.\nmatcher: is the square pointing right and slightly to the bottom?\ndescriber: angled downward.  it isn't the one that looks like the guy is standing up.\n""}]","[18.5, 19.75, 19.875, 18.375, 20.5, 21.75, 21.125, 19.25, 18.25, 17.625, 18.5, 19.625]",G
5970,1,1,10,"[{'role': 'user', 'content': 'matcher: i should have went with my gut on that one\ndescriber: haha, just do that from now on, this is rough.\ndescriber: ok, so this pretty much looks like a guy sitting, his legs angled a little upward, his head looking down.\n'}]","[9.4375, 4.625, 5.34375, 5.03125, 4.8125, 2.484375, 7.125, 4.65625, 8.8125, 4.4375, 6.40625, 8.625]",F
5971,1,1,11,"[{'role': 'user', 'content': ""describer: balancing on one leg, one foot behind him like he's throwing a kick\nmatcher: the one with the two triangles pointing to the left?\ndescriber: yup.\n""}]","[9.4375, 4.625, 5.34375, 5.03125, 4.8125, 2.484375, 7.125, 4.65625, 8.8125, 4.4375, 6.40625, 8.625]",I
